Elisabetta,Pitman,Female,24444770,United States
Erv,Boynton,Male,15774775,Sweden
Micheal,Degnen,Male,8144097,China
Jerrie,Topham,Male,11483919,Indonesia
Rey,Wilkins,Female,22596603,China
Moishe,Trenaman,Male,5714976,China
Maddy,Urien,Female,4640884,China
Vinni,Malin,Female,2884358,Japan
Dusty,Cassels,Female,4105616,Afghanistan
Bethany,Bourtoumieux,Female,15974145,Czech Republic
Jessamine,Dienes,Female,22003562,Russia
Lothaire,Wisdish,Male,28454085,Philippines
Dominik,Brogioni,Male,5079461,Ukraine
Stevy,Webley,Male,27449379,Russia
Helen-elizabeth,Corkell,Bigender,4251364,China
Krista,Vedikhov,Female,8453846,Indonesia
Catina,Owbrick,Female,2473579,Russia
Hamlen,Brideaux,Male,25531733,Philippines
Tuck,Heliar,Male,6839948,Myanmar
Deedee,Trattles,Female,18458045,Russia
Shirlene,Humbey,Female,6024678,Colombia
Angie,Chill,Female,6974909,Pakistan
Staffard,Minigo,Male,21859787,Indonesia
Tani,Beamand,Female,16082247,Finland
Roselia,Webben,Female,28971280,Czech Republic
Luelle,Bartlomiejczyk,Female,21609055,Nigeria
Ranice,Le Grand,Female,19661169,United States
Silvana,Tennant,Female,17366235,Argentina
Karon,Elsdon,Female,23549973,Philippines
Leonardo,Docwra,Male,21290160,Philippines
Von,Greaves,Bigender,18191566,China
Lauritz,Dukesbury,Male,4886205,Peru
Carolyn,Bonelle,Female,4646329,Finland
Dody,Tague,Genderqueer,13413178,Indonesia
Carr,Billes,Non-binary,27614572,Kazakhstan
Darnell,Hamley,Male,23811941,Russia
Vasily,Kovnot,Male,27338679,Brazil
Breanne,Rolls,Female,10275203,Slovenia
Lyndsie,Messham,Genderfluid,4446231,Mongolia
Broddy,Munnis,Male,26827977,Thailand
Vilma,Trustram,Female,12009474,Japan
Ericka,Cassey,Polygender,19000480,Indonesia
Clerkclaude,Danhel,Male,17106408,China
Gianni,Innett,Male,21062302,Indonesia
Guinevere,Aldersey,Female,23513464,China
Dunn,Waller-Bridge,Male,34678822,Marshall Islands
Conny,Gilson,Male,18377658,Russia
Shoshanna,Subhan,Female,32089042,Cyprus
Puff,Ollerton,Male,9042598,Russia
Cassie,Lindley,Male,34382197,Serbia
Grata,Aitken,Female,9588399,South Korea
Elston,Shiril,Male,33632354,China
Saidee,Le Marquand,Female,34127280,Azerbaijan
Arabel,Linnard,Female,35971858,Ghana
Julia,Kingdom,Female,11238627,Indonesia
Gratiana,Parkes,Female,20729914,Indonesia
Fidelia,MacIlhargy,Female,14354927,China
Clea,Tattershall,Female,24298664,China
Basia,McGrudder,Female,28626455,Indonesia
Pier,Lovell,Female,2387465,Poland
Giacopo,Gytesham,Male,2543237,United Kingdom
Frannie,Ellingford,Male,1639929,Nicaragua
Onfroi,Gerger,Male,27471018,Cameroon
Patrice,Varnes,Male,11787057,France
Maighdiln,Cuttin,Female,11378626,Bhutan
Jeffry,Trafford,Male,16382480,Netherlands
Rosemonde,Denver,Female,22610649,China
Morris,Copozio,Male,18456541,China
Matthus,Dunthorn,Male,25257862,Philippines
Hamil,Stodit,Male,884099,Sweden
Lynna,Fireman,Female,21374141,Japan
Delores,Freda,Female,31392966,China
Ariella,Swalteridge,Female,11598310,Vietnam
Julius,Halfhide,Male,19654804,China
Ambros,Currall,Male,806375,China
Junia,Paine,Female,8424703,France
Birch,Fishlee,Male,14131451,China
Olenolin,Foss,Genderfluid,5642479,Indonesia
Keslie,Smallbone,Female,30372726,Brazil
Winny,Kellough,Female,29522864,Indonesia
Ivette,Carnalan,Agender,3210807,Belarus
Chev,McKinlay,Agender,20128338,Sweden
Wes,Bragger,Male,18868281,Peru
Odetta,Sandy,Female,17978722,Poland
Blancha,Lomas,Female,4184802,Austria
Sydney,O'Fearguise,Male,993472,Colombia
Kameko,Moreinis,Female,35379319,Bulgaria
Derron,Lean,Male,30105250,Ukraine
Hyacinthie,Pecht,Female,33344109,Indonesia
Thedric,Livett,Male,29196892,Canada
Delcina,Fillimore,Female,7573743,Czech Republic
Marabel,Bruhn,Female,35051096,China
Wenonah,Laight,Female,12303996,Indonesia
Jilly,Anthoney,Non-binary,11265403,Ukraine
Joey,Hinkins,Male,10151868,Poland
Beatriz,Gavrielli,Genderfluid,20851128,Poland
Lew,Kem,Male,19338031,Iran
Kean,Sallan,Male,30653935,United States
Leslie,Rhyme,Female,14996767,Indonesia
Crystal,Alwin,Female,32850772,Sweden
Catherin,Ferrarini,Female,25817368,Malaysia
Ellary,Frow,Male,28547681,China
Corry,Quartly,Genderqueer,6318432,Vietnam
Sollie,Jouanet,Male,22047005,Greece
Jo,Milby,Male,5947249,Colombia
Major,Dunlap,Male,6963549,Philippines
Adah,Bedson,Female,28525286,Colombia
Dorris,Gutridge,Female,99808,Colombia
Any,Tatlowe,Male,12414591,Iran
Cathe,Joliffe,Female,18967288,Brazil
Vernen,Abramovitz,Male,23626752,Myanmar
Dionis,De Malchar,Female,7360602,China
Gaven,Nast,Male,32000401,Pakistan
Rem,Fedorski,Male,10442151,Afghanistan
Marlene,Blacker,Female,28909574,China
Ginger,Drust,Genderqueer,5983909,China
Sula,Iannetti,Female,28091117,China
Sherwin,Dack,Male,5072545,Peru
Isiahi,Tippetts,Male,12841054,Russia
Filippo,Dmytryk,Male,35816350,Portugal
Kirsti,Geraud,Female,31799119,Croatia
Jimmy,Pirnie,Male,32892718,Indonesia
Wilfrid,Millbank,Male,2278096,Russia
Kailey,Kanter,Female,11141558,China
Vicki,Ashenhurst,Female,21360588,Poland
Joline,Raistrick,Female,32060441,Bosnia and Herzegovina
Conny,Bignal,Male,21766624,Indonesia
Maddy,Righy,Male,4754113,Czech Republic
Tami,Zisneros,Female,5140872,Ireland
Marline,Stammer,Female,34759798,Czech Republic
Gratia,Lampens,Non-binary,31802305,China
Marve,Colleymore,Male,8374559,Philippines
Shermy,Motto,Male,15857493,Cyprus
Briano,Vampouille,Male,2480872,Georgia
Lucy,Harley,Female,33739333,Czech Republic
Letti,Lovart,Female,20511096,Lesotho
Clayton,Ghilks,Male,9571847,Philippines
Lindy,Servis,Male,13438010,Philippines
Wald,Watford,Polygender,8869233,Venezuela
Clari,Hawthorne,Female,16473736,Indonesia
Margo,Paice,Female,16568366,Colombia
Virge,Pfaffel,Non-binary,182713,Argentina
Templeton,Keling,Male,8047403,China
Shaylynn,Grantham,Female,33915594,Russia
Angeli,Ciani,Male,21547031,Philippines
Cecil,Ondracek,Female,33175440,Czech Republic
Dulcia,Pinke,Polygender,1770625,United States
Cosetta,Tugwell,Female,33312886,Japan
Penn,Syddon,Male,35320273,Brazil
Sherye,Quinevan,Agender,31339169,Czech Republic
Valle,Aldwick,Male,20933182,Argentina
Doris,Graham,Genderfluid,1952088,China
Gerti,Honack,Female,31993748,Canada
Jermain,Forrestor,Genderqueer,9429012,Micronesia
Lemmie,Songust,Male,11168396,Indonesia
Brandea,Bineham,Female,27504951,Portugal
Stormy,Bortolotti,Female,2591906,Canada
Fletch,McOrkil,Male,28765514,Peru
Neall,Hadye,Male,8789782,Uzbekistan
Elvin,Town,Male,35940024,Poland
Evelin,Sheward,Polygender,10853956,China
Elfrida,O'Sullivan,Female,12791106,China
Anthiathia,Stirland,Female,35446680,Malaysia
Lane,Pollins,Female,2059314,Thailand
Aldous,Carillo,Male,19026877,Indonesia
Elsy,Eustis,Female,2792342,Indonesia
Duff,Cozens,Male,12113452,China
Diann,Ferier,Female,25849138,Canada
Steffane,Boult,Female,4836302,Brazil
Ketti,MacKenny,Female,19191225,Croatia
Scarlet,De Filippi,Female,710688,Tunisia
Leroy,Ziemke,Male,26148375,Philippines
Edyth,Wloch,Female,29767307,China
Freddi,Pauncefort,Female,6744551,Namibia
Valdemar,Foxton,Male,488376,Indonesia
Giff,Willimont,Male,21625572,Nigeria
Tremayne,Pigdon,Male,34742996,Portugal
Godiva,Buxy,Female,7458810,Philippines
Gregoire,Spargo,Male,25332043,Cambodia
Marcile,Beinisch,Female,21567081,Paraguay
Alexis,Hutchison,Male,23928375,Indonesia
Jacky,Pendle,Male,3000190,China
Lonna,Hambridge,Female,2072868,Indonesia
Ben,Wimpey,Male,21411376,Malta
Lissi,Lascelles,Female,14342319,Indonesia
Leonhard,Gasken,Agender,7559030,Philippines
Merrill,Najara,Female,8300532,United States
Pinchas,Boydon,Male,24055900,China
Tanhya,Matysiak,Agender,33978412,Sweden
Prent,Beachamp,Male,18867752,Indonesia
Viviene,Caesmans,Female,7445718,Pakistan
Jaynell,De Ferrari,Female,19723859,Philippines
Darbie,Friatt,Bigender,29074379,Indonesia
Bay,Jozefiak,Male,14833311,Central African Republic
Bird,Tookill,Agender,5913544,Poland
Avigdor,Kubiczek,Male,14581260,Netherlands
Stanly,Childerhouse,Male,22570001,Brazil
Cyndy,Teape,Female,30499114,Brazil
Hal,Mead,Male,3911227,China
Inigo,Sessions,Male,7618601,China
Giacomo,Pizey,Male,13040053,Greece
Olly,Vashchenko,Male,6820107,Burkina Faso
Danya,Corker,Female,1568814,Philippines
Janet,Saer,Female,26475531,Poland
Haskell,Caves,Male,11924053,Philippines
Shannon,Valiant,Male,31486719,Nigeria
Curt,Woodfin,Male,19207778,China
Gena,Rentelll,Female,29560759,Peru
Meryl,Lees,Male,7697542,Indonesia
Bendicty,Galbraith,Male,28004859,Russia
Tibold,Dymott,Male,32473538,China
Vivianne,Matches,Polygender,24691547,France
Auria,Bendel,Female,14288864,Brazil
Farah,Worthy,Female,27753364,Poland
Alvis,Smerdon,Male,31773121,Greece
Danny,Gonnel,Female,2615673,China
Zachary,Eacott,Male,102440,Sri Lanka
Shandy,Rowland,Female,7956159,Portugal
Domenic,Saile,Male,12179542,Indonesia
Ardys,Vannoort,Female,12838216,Palestinian Territory
Corny,Ganiford,Female,35789570,China
Trixy,Prowse,Female,13906488,Brazil
Harland,Piken,Male,22401477,Czech Republic
Joaquin,Sherbourne,Male,8199487,Russia
Gnni,Yuryaev,Female,18337767,Argentina
Natalina,Cotton,Female,22045146,Poland
Thedrick,Wivell,Male,3281151,China
Rodolfo,Fordy,Male,13661490,Russia
Augustina,Hallett,Female,22461504,Bolivia
Rickie,Duffy,Male,26114628,Indonesia
Alasteir,Duckham,Male,6674282,Poland
Jack,Paxeford,Male,1909050,Thailand
Codi,Dockrill,Male,18391918,Saint Kitts and Nevis
Jephthah,Corp,Male,27504620,Portugal
Kayne,Treske,Male,32809637,France
Betta,Crosetti,Female,23739941,China
Thomasa,Ducket,Polygender,30185627,Portugal
Meghann,Bravey,Female,16883495,Canada
Darcee,Sire,Female,10320172,Indonesia
Cayla,Brounfield,Female,6458264,China
Kahlil,Readett,Male,9937297,Russia
Geri,Enrigo,Male,31570369,Sweden
Nels,Beale,Male,29694059,China
Winnie,O'Flannery,Female,7702690,Germany
Kiley,Lucchi,Male,28837670,Indonesia
Thaxter,Limpertz,Male,28370693,Ghana
Sophi,Flade,Female,10049848,Portugal
Yuma,MacAskill,Male,197019,France
Marcello,Rofe,Male,245631,China
Boothe,Hulls,Male,32041338,Sweden
Walther,Covert,Bigender,2877673,China
Bonita,Storah,Female,30006983,Thailand
Silvia,Mapston,Female,5436765,Philippines
Kasey,Woodsford,Female,32606371,Philippines
Ailene,Dye,Female,20470650,China
Alie,Strattan,Female,3070163,Portugal
Culver,Gervaise,Male,13464239,Thailand
Celia,Keling,Female,230422,Mexico
Brynn,Matveyev,Female,7559322,Poland
Pincas,Staining,Male,18904504,South Korea
Jasper,Bodycomb,Agender,34831997,Peru
Winston,Tesmond,Non-binary,6617062,China
Truda,Huckett,Female,25901642,Brazil
Ruthy,Tiddeman,Female,15607868,Albania
Phillip,Sennett,Male,2034107,Poland
Fey,Cainey,Female,17512838,China
Finley,Fermin,Genderfluid,34622266,Peru
Cymbre,Ruggier,Female,18345852,Russia
Valentijn,Crook,Male,7425976,China
Bradan,Okeshott,Genderfluid,35965487,Philippines
Reg,De Hoogh,Male,25030751,Slovenia
Iseabal,Shirley,Female,13043749,China
Major,Blampy,Male,11779430,Kazakhstan
Sabra,Davydkov,Female,13521372,Nigeria
Leann,Spini,Female,4794034,Tanzania
Rockie,Fitzsimons,Male,28482709,Indonesia
Hammad,Purrier,Genderqueer,33155401,Portugal
Derick,Pedrielli,Male,34587561,Pakistan
Ernst,Fedoronko,Male,25459416,Morocco
Ardisj,Camel,Female,31093271,Sweden
Sansone,Akeherst,Male,24948955,Peru
Elfreda,Briddle,Female,2990791,Russia
Viole,Dossit,Female,3072770,Indonesia
Orrin,Grutchfield,Male,4405947,Mexico
Maurizio,Sumpter,Male,20955113,Australia
Webb,Iuorio,Male,26763964,Serbia
Prent,Colvine,Male,1118752,Mexico
Field,Lampard,Male,10090943,Canada
Truman,Orr,Male,27111124,China
Maximo,Prynne,Male,27799338,Argentina
Diane-marie,McGuiney,Female,6386157,China
Cherie,Dolley,Female,6844987,Poland
Baudoin,Aguirrezabal,Male,35684888,United States
Sylvia,Perkis,Female,32257756,Norway
Clem,Turfs,Male,16582560,China
Esme,Gorstidge,Female,34102453,Canada
Bertha,Eric,Female,2377302,Madagascar
Emeline,Mayhew,Female,2800534,Indonesia
Palm,McAuslene,Male,26121086,Morocco
Alonzo,Fashion,Male,21177399,Indonesia
Hercule,Allred,Male,12297962,Serbia
Nedda,Bisatt,Female,10750436,Indonesia
Zaneta,Galton,Female,30732454,China
Larisa,Lawlor,Female,35657572,Thailand
Powell,Talkington,Male,34602211,China
Geoff,Stratten,Male,2144750,Vietnam
Carroll,Popley,Male,31758754,Mauritius
Derick,Cleobury,Male,8858037,Indonesia
Leigha,Fleeman,Female,9999475,Czech Republic
Grayce,Kennefick,Female,33048336,Mexico
Carolee,Cowthart,Female,32666696,Portugal
Persis,Haddow,Female,5980368,Spain
Nicky,Gales,Female,26590823,Ukraine
Frannie,Walliker,Female,16764627,Portugal
Kimberlyn,Naisby,Female,7291917,Syria
Kirstyn,Favelle,Female,34747400,Indonesia
Stepha,Drewe,Female,30794255,Russia
Weber,Ennals,Male,5490804,Greece
Noah,Sandland,Male,6700739,Russia
Jolee,Kubes,Female,10684734,China
Orlan,Jerwood,Male,17634102,France
David,Sartin,Male,35447119,Kazakhstan
Evelin,Runchman,Male,30463025,Philippines
Daile,Vazquez,Female,28363110,Poland
Sibyl,Benton,Male,23054359,Norway
Stephan,Cortnay,Agender,30036164,Morocco
Luce,Hadwen,Male,18904060,China
Caspar,Antoniak,Male,11758424,China
Godard,Lafflin,Male,7059281,China
Kiley,Just,Female,28321276,Turkmenistan
Orville,Humbert,Male,557596,Indonesia
Bea,Kellick,Female,33599631,China
Scarlett,Johnsson,Female,4131686,Serbia
Othella,McOmish,Female,25487003,China
Patrick,O'Hingerty,Male,9375907,Vietnam
Lulita,Benstead,Female,9851632,Bahamas
Bobine,Cicconettii,Female,34433058,Sweden
Richardo,Tromans,Male,13518453,South Korea
Olivia,Zavattari,Female,27667098,United Kingdom
Winni,Jereatt,Female,5952651,Philippines
Arnaldo,Rising,Male,7202671,China
Alberto,Shorto,Male,13378733,Portugal
Darren,Sanbrook,Male,10764351,Portugal
Ortensia,Grog,Female,22886126,China
Guinna,Wemes,Female,21475649,Czech Republic
Butch,Linkie,Male,1461910,France
Bogey,Oven,Male,27659352,Brazil
Essa,Burdas,Female,31986927,Indonesia
Broddy,Heinsen,Male,5590626,Indonesia
Selby,Astbery,Male,33022324,Nigeria
Rachele,Takkos,Female,833872,China
Dore,Debow,Female,25306470,China
Ailene,Baison,Bigender,14939211,Brazil
Kendre,Plues,Female,10497636,Indonesia
Rip,Jerger,Male,17776243,China
Emilio,Oventon,Male,35616798,China
Bessie,Harborow,Female,7448973,Indonesia
Lizzy,Woodburne,Female,34146250,Russia
Carolyne,Zohrer,Female,24221840,South Korea
Pru,Coch,Female,9429590,Philippines
Iver,Brighty,Male,33481162,Bulgaria
Alf,Mersey,Male,23681379,Indonesia
Margaret,Lippini,Female,4676924,Ivory Coast
Abelard,Malinowski,Male,22853093,Croatia
Crysta,Buckerfield,Female,7974725,Indonesia
Aluino,Weatherill,Male,8451142,Venezuela
Marita,Bellis,Female,10513671,Poland
Chrysler,Youel,Female,7476171,China
Koralle,Laugherane,Female,16447940,Indonesia
Allyn,Klauer,Female,4006865,Colombia
Stanly,Fillgate,Male,7415952,Yemen
Hervey,Inchbald,Male,4104502,Philippines
Gabriellia,Wasselin,Genderqueer,6142403,France
Liana,Drakes,Female,22471140,Brazil
Stacie,Mance,Female,30660160,Nepal
Jasun,Coop,Male,15419807,Zambia
Gweneth,Ipgrave,Female,28993687,Brazil
Agnola,Sygroves,Genderqueer,13365287,Russia
Mireille,Mattiessen,Female,17740924,China
Wilfred,Hambelton,Male,10720216,France
Elisa,Champneys,Female,35949668,Slovenia
Ian,Veart,Male,33849820,Czech Republic
Timmi,Scowcroft,Female,31285081,China
Verina,Tour,Female,6515128,France
Carmelina,Sauvan,Female,26937917,Indonesia
Sosanna,Yushankin,Non-binary,3908683,China
Vergil,Rolph,Male,23996652,South Korea
Nancee,Paule,Female,34127841,Czech Republic
Heath,Dauney,Genderqueer,12593773,Ukraine
Vito,Hurst,Male,31257783,Albania
Joletta,Humphris,Female,20412524,Philippines
Rachelle,Kibbey,Female,11199793,Czech Republic
Joseito,Hemphrey,Male,26871997,China
La verne,Weippert,Female,30918890,China
Harli,Vivash,Female,928550,China
Blakeley,Gallichan,Female,2840193,Indonesia
Farlay,Hilling,Male,648535,Russia
Stacee,Capun,Female,17763559,United States
Ian,Luca,Male,22345929,Egypt
Milzie,Pauel,Female,17446018,Poland
Gweneth,Sunners,Female,20007085,Czech Republic
Court,Bellfield,Male,24207044,China
Austina,McGonnell,Genderqueer,35974716,Philippines
Symon,Fullicks,Male,24600624,Philippines
Tannie,McPharlain,Male,21165888,Indonesia
Merrilee,Gulliver,Female,14875800,Philippines
Arther,Bakster,Male,2359135,Russia
Neddy,Debling,Male,8821638,France
Valaree,O' Mahony,Polygender,28305213,China
Mela,Stanmore,Female,8310409,Greece
Myrta,Atheis,Female,35145282,Bolivia
Cassandra,Roo,Agender,33926446,China
Hedwiga,Senter,Female,30834786,Poland
Nicolea,Wakeford,Female,26631456,China
Constantin,Styant,Male,8228159,Bangladesh
Roze,Bullent,Female,23891833,China
Vittorio,Bernardin,Male,2147900,China
Moritz,Gribbon,Male,15339682,Canada
Fletch,Carncross,Male,27052748,Russia
Addie,Cherryman,Male,7981155,Indonesia
Alano,Ethelstone,Male,4461316,Macedonia
Sandie,Blackler,Bigender,15979287,China
Kara,Twede,Female,31058126,Russia
Orson,Garfield,Male,4595461,Portugal
Rozella,Grahame,Female,15133323,Philippines
Franny,Tollfree,Female,22678566,China
Grover,de Quesne,Male,14603288,China
Baxy,Farquhar,Male,21679260,Japan
Gannon,Ruane,Male,8334807,Russia
Barnaby,Hoppner,Male,17710208,United States
Xever,Stemp,Male,1320916,Philippines
Herby,Jozef,Male,609365,Brazil
Benjamin,Dracksford,Male,22889190,Russia
Lusa,Meere,Female,35264739,Czech Republic
Valentina,Hannis,Female,22585223,China
Ada,Sullly,Female,34888494,Palestinian Territory
Norrie,Adam,Male,31543785,Vietnam
Laina,Mordie,Female,363535,Brazil
Agna,Fruen,Agender,20220445,China
Giselle,Grinyakin,Female,23583948,Philippines
Fernande,Mates,Female,22988242,Dominican Republic
Joya,Tooke,Female,21665459,Brazil
Barbabra,Syphus,Female,18957806,Indonesia
Boy,Madeley,Male,13766829,Russia
Philis,Moggle,Female,15511685,Philippines
Lothaire,Sandal,Bigender,30571770,Russia
Wald,Brimham,Male,2670584,Comoros
Che,Pentecost,Male,10955517,Indonesia
Osborne,Marzelo,Male,19192759,Brazil
Willow,Santhouse,Female,3961878,United States
Pippa,Bredbury,Female,4362220,Hungary
Gage,Domoney,Male,15555080,Portugal
Valenka,Escudier,Female,33894882,Indonesia
Johny,Ranfield,Male,12245670,Estonia
Carolus,Jaumet,Male,12068362,China
Reider,Cuddon,Male,30871417,Russia
Caroljean,Bleue,Female,659060,China
Augusto,Noir,Male,7008128,Philippines
Jacqueline,Churchyard,Female,2467756,China
Rowland,Wiper,Male,27953272,France
Boone,Ogborn,Male,4122642,Chile
Ev,Morse,Male,21144850,Sweden
Coleman,Ohanessian,Male,9288408,China
Odelia,Tison,Female,31847110,Indonesia
Karoly,Symones,Male,9512417,Philippines
Kimberlee,Bumford,Female,24347954,China
Taylor,Paice,Male,23874332,Indonesia
Norby,Block,Male,3148255,Indonesia
Leighton,Reyes,Male,20915971,China
Lorine,Garnson,Female,20307629,Argentina
Agretha,Moyler,Female,26508187,China
Bud,Berard,Male,8149721,Indonesia
Travus,Clow,Male,31664063,Russia
Justinn,Kinge,Female,14018832,China
Bendick,Gaskoin,Male,3183980,Portugal
Fabio,Worral,Male,34332295,Ukraine
Phillip,Jojic,Male,33098176,Mexico
Mary,Grayshon,Female,27558891,Thailand
Vlad,Tye,Male,30032020,Japan
Mile,Caldron,Male,9722525,Poland
Germaine,Shilling,Female,12226159,Indonesia
Terrill,Meriet,Male,8156499,Germany
Jilly,Sperling,Female,19644093,China
Dennie,Ambrozik,Male,7711721,China
Eva,Tripcony,Female,8351509,China
Gilburt,Andren,Male,2606814,Indonesia
Abdul,Cranham,Male,756774,Afghanistan
Derick,Penvarden,Genderqueer,8337983,Rwanda
Rebeca,Shilling,Female,17808736,Poland
Pascal,Bennison,Non-binary,16696104,Madagascar
Northrup,Andrejevic,Male,3831701,Colombia
Athena,Gartside,Female,29893214,China
Germana,Pioli,Female,13873725,United States
Carina,Gammidge,Polygender,11350732,Poland
Sonnie,Tebbett,Male,34850290,China
Keefer,Schuler,Male,32384008,Sweden
Lia,Bromehed,Female,19631143,Philippines
Gray,Collicott,Female,21372426,Russia
Walton,Pfeffer,Male,29108830,China
Raymund,Hickin,Polygender,34080478,Argentina
Lynne,Brisley,Genderqueer,7512341,Czech Republic
Merline,Mc Corley,Female,20193597,Russia
Astra,Popworth,Female,20344985,Thailand
Caralie,Ebunoluwa,Female,16938977,Greece
Wainwright,Sutterby,Male,28357119,Madagascar
Nannie,Gimbart,Agender,30770453,China
Chip,Fellona,Male,29209731,Thailand
Prisca,Pinnijar,Female,50683,Sweden
Iggy,Cota,Male,12016927,Russia
Iolanthe,Lowder,Female,18999672,Guatemala
Courtnay,Ivie,Female,11389621,Czech Republic
Alika,Spavins,Female,19052416,Palestinian Territory
Noell,Blair,Female,16595420,Yemen
Gale,Avrahamian,Male,3241201,China
Brooke,Hosby,Male,20037078,Czech Republic
Kayley,Hardiker,Female,19966834,China
Charley,Kermit,Male,18415099,Gabon
Candida,Froment,Female,31376508,Poland
Irina,Schonfelder,Female,17445712,China
Bowie,Goldston,Male,20715820,China
Shelton,Toffoloni,Male,5065212,Germany
Lib,Spiniello,Female,21020619,Germany
Camel,Teal,Female,32903696,Russia
Kimbell,Nolte,Male,28559113,China
Trumann,Fergyson,Male,18543475,Kazakhstan
Lenee,Howard,Female,7095632,Brazil
Angel,Priter,Male,13654970,Chile
Melli,Lukianov,Female,26617817,Indonesia
Robert,Paulin,Male,18876602,China
Michail,Challender,Male,2733317,Panama
Nicol,Begin,Polygender,9019184,United States
Ginger,Rafter,Male,15621870,Brazil
Yuri,Lafflin,Male,21847117,Paraguay
Lissy,Jolland,Female,25004771,Argentina
Annora,Castagna,Female,7398152,Slovenia
Tedman,d'Arcy,Male,30226899,Ecuador
Natalya,Duester,Polygender,28133396,Yemen
Baxy,Newarte,Male,8236651,Venezuela
Mario,Caneo,Male,12052480,Russia
Enriqueta,Torrese,Female,15554469,Greece
Chandler,Baston,Male,11556710,China
Binnie,Morrilly,Female,9498160,Tanzania
Madel,Whitwood,Female,23183591,Nigeria
Ric,Renol,Male,2197535,Sweden
Edie,Filippello,Female,19873429,Portugal
Morgen,Paulley,Male,12285997,Morocco
Gerhardt,Camlin,Male,8004968,Japan
Boy,Patershall,Male,1678922,Thailand
Adda,Davidy,Female,2802409,Sweden
Doe,Savory,Female,29461319,Sri Lanka
Kacy,Proctor,Genderfluid,20686545,Russia
Luelle,Ambroise,Female,10340748,Indonesia
Bekki,Micklewright,Female,4705423,Russia
Derwin,Syme,Male,29276418,Poland
Marwin,Gerler,Male,24528935,Portugal
Sigismondo,Gabel,Male,20895868,Afghanistan
Trefor,Cow,Male,35439074,China
Vanni,Burnhill,Female,10523452,China
Rosmunda,Delacote,Female,6069739,Mozambique
Siffre,Custy,Male,12183961,Mexico
Lind,Mozzini,Female,32470705,China
Barron,Brannan,Male,17169229,China
Sandra,Goublier,Female,23046841,South Africa
Leann,Heaney,Genderqueer,17601078,Colombia
Ollie,Greatbank,Female,5145347,Indonesia
Morten,Slowey,Male,10008119,Philippines
Sacha,Hymus,Female,32803272,France
Esme,Schistl,Male,13702625,Japan
Mohandis,Figgess,Male,17784973,China
Gaynor,Trice,Female,1772753,Russia
Jillian,Cleworth,Female,11118790,Afghanistan
Talbot,O'Gleasane,Male,15252606,Brazil
Christie,Aldine,Female,6806609,Philippines
Carie,Scatchard,Female,3657789,United States
Brandise,Spelsbury,Female,31355516,Sweden
Caprice,Corsor,Female,10640133,Colombia
Bobbie,Dexter,Female,8318890,Argentina
Clarabelle,Buntin,Female,32600767,Malaysia
Jelene,Hischke,Female,26050930,Peru
Ximenes,Berecloth,Male,28908110,Russia
Tiler,Coalbran,Male,413102,Bangladesh
Averell,Holdworth,Male,14157522,China
Sharron,Stonnell,Female,25681926,China
Melisandra,Aslam,Female,34127105,Brazil
Tedmund,Fishly,Male,4556554,Indonesia
Jordain,Flew,Female,25271035,Czech Republic
Brana,Lorraine,Female,4256674,Philippines
Zack,Errington,Male,27938181,Brazil
Nigel,Kassel,Male,1502062,Indonesia
Dannie,Dwyr,Male,15846627,Palestinian Territory
Leese,Hansmann,Female,3754204,Russia
Leodora,Keat,Female,31204764,Brazil
Eugenio,Stenbridge,Male,6566301,Malaysia
Saunders,Oldham,Male,23907975,China
Dulciana,Windaybank,Female,32512375,Indonesia
Dyanne,Lapworth,Female,9662920,Brazil
Hale,Arntzen,Genderqueer,19538569,Portugal
Idalina,Shekle,Female,16474846,China
Karlotta,Lenton,Female,9795061,China
Bail,Phelipeaux,Male,21758560,Canada
Jilly,Rebeiro,Female,5333628,Brazil
Ingelbert,Huff,Male,21296911,Indonesia
Willette,Stoak,Female,14507610,Philippines
Larissa,Hedau,Female,21527826,Hungary
Elisabeth,Kaszper,Female,12655624,United States
Aldon,Burnhams,Male,26642911,Indonesia
Cecelia,Le Cornu,Female,29592625,Peru
Hussein,Giorgione,Male,2479557,Thailand
Hurlee,Andell,Male,27970240,Russia
Misti,Abrahart,Female,28718637,Indonesia
Valerie,Swyer,Female,30392677,Philippines
Miller,Brothwell,Male,23028951,Sweden
Shelley,Kroch,Female,11256913,South Africa
Corly,Darey,Female,3174336,France
Claudio,Gocher,Male,31148891,Indonesia
Millard,Balsdone,Male,5576211,Poland
Eldridge,Ison,Male,4641333,Morocco
Suzie,Shills,Female,27908779,Indonesia
Gladys,Ritchley,Female,31767782,Czech Republic
Kettie,Risbridger,Female,16218163,China
Whit,Lovelace,Male,13235003,Serbia
Gilda,Bramich,Female,4783506,Philippines
Iago,Waistall,Non-binary,21081722,Latvia
Marguerite,Jeandet,Female,31476098,Finland
Mahmoud,Wyeth,Male,4363511,Zambia
Nicko,Gullen,Genderqueer,19394905,China
Cam,Moyles,Male,442406,China
Niall,Pountain,Male,21264809,Russia
Lorrin,Ascraft,Female,16707119,Indonesia
Bettine,Pavlenko,Female,23793329,Portugal
Ally,Boundy,Female,15782107,Portugal
Brion,Bransgrove,Male,16520641,Japan
Claudie,Roz,Female,20486117,France
Tabatha,Lissandrini,Female,19197398,Colombia
Martita,Handscomb,Female,3826245,China
Constancy,Temperley,Female,31357587,South Korea
Darla,MacEllen,Female,30153178,Norway
Selinda,Glennon,Female,18780224,Jamaica
Cy,Piquard,Male,6398533,Cuba
Opalina,Stickler,Female,14215992,Russia
Alisa,Jorez,Female,7386836,Colombia
Granny,Pargetter,Male,11755936,Afghanistan
Alvinia,Goatman,Non-binary,16926318,Albania
Deloris,Vian,Female,35679940,Philippines
Charlene,Biaggetti,Female,19399869,Vietnam
Panchito,Jaze,Male,14852170,China
Bernardine,Speechley,Female,22110081,Portugal
Dani,Birchenough,Male,11708973,Indonesia
Geordie,Ivanovic,Male,6974127,Greece
Bay,Maynell,Male,13788900,Peru
Wallache,Patroni,Male,14542502,Serbia
Nickie,Dufour,Genderqueer,16082912,China
Bartholemy,Latchford,Male,20291957,Argentina
Ebeneser,Pfeifer,Male,15491603,Indonesia
Nada,Dudney,Female,28989679,Serbia
Cory,Andreasen,Male,4558506,Sweden
Janette,Climie,Female,29424968,Philippines
Averill,Ramos,Male,28417678,Russia
Bobette,Petcher,Non-binary,28080589,Russia
Way,Stainbridge,Male,21921948,Philippines
Diego,D'Aubney,Male,18208561,Kazakhstan
Ilysa,Chrystie,Female,17231571,Guinea
April,Coombes,Female,35965331,China
Ambrosius,Ricketts,Male,29335328,Canada
Mabel,Ricardou,Bigender,1304889,Philippines
Elva,Caswall,Female,669646,Philippines
Chris,Persian,Female,26119349,Poland
Tedda,Demer,Female,11101073,Indonesia
Billie,Batham,Non-binary,12772418,Indonesia
Thaddeus,Earngy,Male,18576822,Brazil
Fernandina,Beaney,Female,6251937,China
Lorrin,Merman,Female,22014683,Norway
Claudine,Ivanitsa,Female,24045331,Colombia
Kinnie,Dreier,Male,8214984,Morocco
Thaddus,Leblanc,Male,19461144,Zambia
Shayla,McCoish,Bigender,13105214,Japan
Courtnay,Coulthard,Genderfluid,3729568,Albania
Sharleen,Alentyev,Female,23832455,Indonesia
Georgette,Tatchell,Female,1686558,China
Lesly,Dufer,Female,9387046,Greece
Allister,Endrici,Male,2173442,China
Tansy,Gethin,Female,12784580,Ukraine
Melamie,Hailston,Genderfluid,2050286,Indonesia
Pennie,Mansion,Male,2109645,South Korea
Elisha,Mendez,Bigender,27030214,China
Demetria,Serotsky,Female,32881214,United States
Janaya,Scotchmur,Genderfluid,32036155,Nigeria
Becka,Sloegrave,Genderqueer,14986317,Bhutan
Isa,Devin,Female,5372604,Bosnia and Herzegovina
Colver,Crippill,Male,937931,Japan
Jana,Freezer,Female,23037377,China
Marni,Rushman,Female,7806672,Sweden
Rebekah,Follett,Female,33784230,Indonesia
Freda,Stanhope,Female,34415968,Nicaragua
Rois,Bullant,Female,6111484,Ukraine
Moira,Howe,Female,23908508,Malawi
Cindie,McClunaghan,Female,22179564,China
Freddy,Dripp,Female,29677394,China
James,Stallard,Male,15987038,Indonesia
Willdon,Iacoviello,Male,3656883,Indonesia
Waldemar,Cridlan,Male,17944785,North Korea
Becka,Ebbotts,Female,21397841,Colombia
Karena,Heskins,Female,937219,Brazil
Damian,Roskilly,Male,24621958,Venezuela
Ethelbert,Chetwin,Male,5408611,Croatia
Kenon,Lorriman,Male,14776230,China
Perkin,Loyndon,Male,8576401,Mongolia
Nara,Gerckens,Female,31496963,China
Bettina,Corps,Female,26396635,Indonesia
Mirella,Grigoletti,Female,24949677,Estonia
Gearard,Kenward,Male,17170325,China
Ricki,Berrie,Male,35357351,China
Marguerite,Danielis,Female,1474324,United States
Janaye,Ferrero,Female,21446761,Philippines
Nadeen,Forsyde,Female,5648532,China
Fernando,Gerrell,Bigender,26750681,Philippines
Baron,Aires,Male,6995367,Argentina
Vivien,Fink,Female,22223389,Kazakhstan
Ivory,Raffeorty,Female,31535751,Sweden
Karl,McLaggan,Male,1401800,Thailand
Noelyn,Gaishson,Female,20207288,United States
Honey,Crimin,Female,34436156,Kenya
Aldon,Franseco,Male,1666470,Brazil
Jaquith,Gouck,Female,16275644,China
Jayme,Whayman,Female,4574770,Serbia
Fredric,McDarmid,Bigender,19799969,Norway
Cinnamon,Dance,Female,23421864,Serbia
Colette,Samsworth,Female,15118436,Mongolia
Nari,Young,Female,26776577,Uzbekistan
Urbanus,Fredson,Male,16778460,Ivory Coast
Ofella,Apdell,Female,23715649,Poland
Selene,Goult,Female,12443,United States
Cherry,Artois,Non-binary,13937468,Brazil
Joanna,Kilbee,Female,6708297,Poland
Pauly,Scutter,Male,21124081,Luxembourg
Petrina,Etoile,Female,7201455,Chile
Rolf,Bakey,Male,17288658,Portugal
Sabrina,Aspenlon,Female,8278643,France
Petr,Barde,Male,5805258,Indonesia
Loleta,Lascell,Non-binary,25048883,China
Leonanie,Dible,Female,5558124,Costa Rica
Thatch,Anderbrugge,Male,21739869,Philippines
Berty,Mollitt,Male,30847789,Indonesia
Kristofor,Brookzie,Male,16686482,Czech Republic
Sigismundo,Bauser,Male,14312281,Iran
Giordano,Mingaye,Male,16090720,Indonesia
Elli,Jammes,Agender,8951809,Paraguay
Basil,Willox,Male,23777194,Indonesia
Essa,Strover,Female,365403,Cameroon
Wat,Gregg,Male,25931738,Brazil
Jodee,Treuge,Female,35101237,China
Arvie,Linnett,Male,32803148,China
Eugene,Filgate,Male,25819181,Russia
Gabby,Wingham,Male,23067390,Colombia
Donny,Kellough,Female,4900434,Serbia
Dennie,Loveitt,Male,29032739,Sweden
Jarrett,Gebb,Male,21375942,Cameroon
Pollyanna,Janse,Female,26857736,Philippines
Perkin,Haville,Male,33870250,Brazil
Julissa,Ubach,Bigender,33829952,Mexico
Jodi,Garbutt,Female,5280928,China
Jerrie,Asbery,Female,22748225,Albania
Fitzgerald,Pattlel,Male,9207570,Pakistan
Ettie,Iremonger,Polygender,22234192,Brazil
Shandeigh,Caston,Female,31103343,China
Mattie,Bettesworth,Male,17643573,China
Sasha,Ryman,Male,12167378,China
Galvin,Carabet,Male,23916141,Pakistan
Raphael,Peche,Male,26233897,Tanzania
Roberta,Holme,Female,9418562,Portugal
Catherina,Fellona,Female,14603507,China
Gena,Ropkins,Female,11456115,Denmark
Verney,McClay,Male,20994082,Indonesia
Dagmar,Strathdee,Female,30582718,South Korea
Fletch,Pennell,Male,4843125,Sweden
Gherardo,Heathorn,Male,385668,Mexico
Kathrine,Eich,Female,25629992,Russia
Chelsie,Corthes,Female,5358583,China
Bella,Kleine,Female,12474741,Poland
Madeline,Phripp,Female,35466147,China
Renie,Domenici,Female,5376792,Nigeria
Willabella,O'Hear,Female,30953084,Madagascar
Winston,Hamments,Male,9267581,Brazil
Johanna,Dollman,Female,15645451,Indonesia
Ramsey,McAnellye,Male,17316074,Indonesia
Mattheus,Tomblings,Male,10784610,Indonesia
Forbes,Bearns,Male,17375284,Thailand
Orion,Acklands,Male,3983042,Indonesia
Brande,Casely,Female,31959344,Indonesia
Amalita,Ivory,Female,31534329,Philippines
Chaim,Odger,Male,2342875,Indonesia
Isaak,Molloy,Male,28969265,South Africa
Cordelie,Gannicott,Female,1457246,Czech Republic
Rosabel,Weippert,Female,14256013,France
Maible,Cluer,Female,32087171,Brazil
Kennett,Lambeth,Male,669192,France
Pat,Ginley,Female,1711251,Indonesia
Celestyn,MacGillacolm,Female,30229100,Czech Republic
Jerrie,Cotherill,Polygender,7208050,Sweden
Mara,Cundict,Female,8604102,Russia
Gerhardine,Brimner,Female,22369130,Indonesia
Bel,Livett,Female,11973956,Greece
Noble,Bowmaker,Male,6325225,Japan
Nicoline,Rowcastle,Polygender,30243228,China
Frazer,Infantino,Male,29212696,France
Estell,Howbrook,Female,23769498,Bosnia and Herzegovina
Sarene,Menguy,Female,15224440,China
Hinda,Scutchin,Female,10866575,Indonesia
Ibrahim,Vasiliu,Bigender,29686548,China
Ingaborg,Bolf,Female,26915321,Japan
Irwin,Maffin,Male,5777201,Slovenia
Barbara-anne,Riepel,Female,24269153,Indonesia
Anastassia,McMyler,Female,562969,Canada
Elinore,Caulton,Female,12781599,Armenia
Rosa,Tavernor,Female,7358751,Guatemala
Rafael,Bollands,Male,28875477,Thailand
Rina,Kightly,Female,4014496,United States
Elvira,Skipsea,Female,16698393,Russia
Creigh,Farryann,Male,2738686,Niger
Arnuad,Milley,Male,26330288,Indonesia
Kelwin,Jerman,Male,28616250,Indonesia
Jakob,Coverly,Male,20607473,Indonesia
Ivie,Linscott,Female,16565203,Philippines
Dag,Senter,Male,14133995,China
Ernie,Riepl,Male,35748418,Syria
Osbert,Jowsey,Male,26410169,China
Deedee,Brennon,Genderqueer,2062111,Brazil
Wendel,Gyngyll,Genderfluid,27929599,China
Lilllie,Donisi,Female,31909863,Portugal
Madelle,Braznell,Female,11967254,Cameroon
Norine,Duce,Female,20471735,Peru
Hillel,Gladhill,Male,13422065,Honduras
Dulcy,Sponton,Female,14312582,France
Bryana,Diver,Female,27866522,China
Robinson,Lukacs,Male,8997627,Iran
Rik,Hawkswood,Male,3480370,Kyrgyzstan
Valencia,Jones,Female,27273286,Venezuela
Cord,Speedy,Male,23284472,China
Henka,Press,Female,8714297,Thailand
Camey,Forsbey,Genderqueer,25727056,Norway
Rod,Shayes,Male,4476697,China
Kally,Catlow,Female,8383876,Yemen
Fonsie,de Broke,Male,35226308,Indonesia
Piggy,Halliday,Male,12400383,Syria
Ailis,Brawson,Female,13434497,Pakistan
Ladonna,Satterthwaite,Female,22359487,Poland
Janos,Garmans,Male,24242349,Tanzania
Avrit,Goosnell,Agender,33065490,China
Yalonda,Sallnow,Female,34731773,Brazil
Lindy,Coolican,Genderfluid,26324880,China
Lisle,Hovenden,Male,24547388,Indonesia
Dannel,Santacrole,Male,33802145,Philippines
Frannie,McKechnie,Male,22528595,China
Brand,Macer,Male,35719704,Ukraine
Gil,Stannah,Male,17251059,China
Clevey,Kiljan,Male,8036029,Philippines
Anastasie,Sondland,Genderqueer,8774541,Yemen
Andres,Davidde,Male,15146421,Portugal
Maggee,Boggers,Female,185012,China
Jedd,Pullinger,Male,10420127,Indonesia
Heddie,Cossey,Female,243554,China
Marilin,Sellens,Female,30879183,Philippines
Sibylla,Koppelmann,Female,23456932,Portugal
Coletta,Bartol,Genderfluid,9182076,United States
Lane,Diboll,Non-binary,8954641,Greece
Gertruda,Lampel,Female,29373568,Vietnam
Emmalynne,Hawsby,Female,5398110,Guatemala
Cly,Elham,Male,30078887,Philippines
Bryana,Jacks,Female,14198715,China
Margit,Trevenu,Genderqueer,33988955,Mongolia
Vance,Conigsby,Male,10146020,Russia
Birgit,Byrkmyr,Female,32103561,Poland
Sunny,Hubery,Male,2896668,China
Ingar,Sutheran,Male,13803594,Russia
Damien,Hatrick,Male,30232664,Colombia
Sheryl,Shallcrass,Female,22476065,Honduras
Jessika,Easterfield,Female,30384235,China
Amelita,Bech,Female,21268110,Portugal
Gina,Keigher,Female,3093536,United States
Christoph,Mulqueen,Agender,22957143,Uzbekistan
Lanette,Yakhin,Female,15012412,Greece
Devinne,Jost,Female,2332978,Poland
Toby,Gaythorpe,Male,14409168,Indonesia
Henrie,Prester,Non-binary,1454602,China
Rebekah,Tesyro,Female,26143296,China
Bailey,Gravenell,Male,34361016,Argentina
Filippo,Ormond,Bigender,22534972,Colombia
Huntington,Loomes,Male,9629140,Peru
Charil,Rosso,Female,32107226,Czech Republic
Mariam,Dethloff,Female,8969376,China
Vasily,Snewin,Male,7646715,Colombia
Merlina,Moorcroft,Female,34984992,Poland
Brittan,Cruxton,Female,18416146,Poland
Karim,Zorzini,Male,28449202,Russia
Charley,Bute,Male,14840796,Portugal
Maddy,Jennaroy,Female,4453988,South Africa
Bertrand,Bearcroft,Male,5001402,Bolivia
Thain,Glazyer,Male,23864356,Norway
Elfrieda,Hunnisett,Female,2690945,Sweden
Tamra,Ekell,Female,11440847,Brazil
Harold,Ruxton,Male,29803203,Nigeria
Rustin,Dongate,Male,23460288,Brazil
Heather,Burnage,Female,4016386,Bangladesh
Tani,Adnam,Female,5041984,France
Collete,Frangleton,Female,15367886,Vietnam
Cosmo,Branchflower,Male,2889852,Argentina
Rodd,Bartolomeo,Male,5251087,Sweden
Lucie,Klaiser,Female,22186338,Philippines
Angele,Madison,Female,13058265,Marshall Islands
Biddie,Becom,Female,11013566,Indonesia
Emanuel,Plimmer,Male,26299697,Ukraine
Lydia,Downer,Female,22578909,China
Perry,Johns,Female,27327196,Japan
Alvinia,Worsnap,Female,21153561,China
Sansone,Belt,Male,3239663,Indonesia
Bliss,Geratasch,Female,9183045,Albania
Shelby,Corwood,Female,20185338,Indonesia
Dorelle,Worsell,Female,22468367,Belarus
Dolorita,Culbert,Female,4778488,Indonesia
Delia,Hallan,Female,28580322,Sweden
Andra,Mossop,Female,4385791,Philippines
Ardith,Martina,Female,22142947,Madagascar
Clary,Sancias,Female,6404378,Peru
Martica,Winear,Female,33056809,Czech Republic
Thurstan,Varne,Male,14386464,China
Ferris,Brosh,Male,11027270,Tajikistan
Thorsten,O'Donoghue,Male,6583133,Portugal
Bucky,Ciccerale,Male,14555538,Russia
Siffre,Eddington,Male,14734825,Mongolia
Damon,Tabrett,Male,6358327,Russia
Cindra,Stilliard,Female,23631079,Portugal
Amy,Saint,Female,23958449,Indonesia
Laurel,Skylett,Female,26601708,Brazil
Tessy,Swinfon,Female,10691151,Finland
Filmore,Wigglesworth,Male,736594,Russia
Aubine,Manns,Genderqueer,34270920,Indonesia
Flss,Keveren,Female,34094218,Russia
Ilario,Caltun,Male,5824521,Philippines
Charlotta,Alphege,Female,9649293,Argentina
Shell,O'Donoghue,Female,2601462,Peru
Jasun,Parzis,Male,27105075,China
Shawnee,Poynor,Female,35518003,China
Sunshine,Keir,Female,14121377,Russia
Rhetta,Queyos,Polygender,13313156,Portugal
Matt,Amber,Male,18214095,South Africa
Foster,Bohike,Male,35823013,China
Tory,Weblin,Female,1218449,China
Kristoffer,Koomar,Male,4180152,Indonesia
Melessa,Percifer,Female,30201082,France
Cassius,Saylor,Male,28735666,Mauritius
Eddie,Hamblin,Female,15562658,Brazil
Zorana,Mantha,Female,19107624,Japan
Leonard,Etherson,Male,30688117,Ethiopia
Dora,Willshaw,Female,10476219,China
Mickie,Mancell,Male,12336991,Guatemala
Briney,Kennion,Female,23347274,Peru
Darbee,Haslewood,Male,25946249,Sweden
Joellyn,Marginson,Female,5785170,Indonesia
Hadrian,Hoopper,Male,14976307,Macedonia
Bab,Ockenden,Female,21990844,Portugal
Rusty,McNulty,Male,15455478,Kazakhstan
Genny,Merioth,Female,7561417,China
Jerome,Moizer,Agender,26378063,Poland
Kasper,Slaten,Male,26516078,Japan
Natka,Antczak,Female,23588660,China
Ryan,Archibold,Male,3947631,Philippines
Vikky,Levinge,Female,34985415,Czech Republic
Ethelind,Allery,Female,30220120,Colombia
Wandis,Cartmell,Female,34389109,Russia
Hinze,Whaley,Male,9075014,United States
Linc,Pechard,Male,3499776,Portugal
Lauree,Darch,Genderfluid,27188315,Japan
Broddy,Adrienne,Male,4225692,Brazil
Ally,Oiller,Female,14565345,Finland
Silvana,Colling,Female,12177872,Bulgaria
Euell,Tivenan,Male,6401137,Burundi
Osgood,Goodliff,Male,32513166,China
Rhona,Spellard,Female,31254765,Morocco
Clarinda,Klesl,Female,34933767,Costa Rica
Druci,Le febre,Female,9940154,Czech Republic
Brittani,Hammerberger,Female,27311134,Philippines
Rice,Indge,Male,34107526,Botswana
Gail,Destouche,Female,33864884,Russia
Guilbert,Sapseed,Male,33036340,Argentina
Ignace,Scoles,Male,13207974,France
Katlin,Musker,Female,22380590,Uzbekistan
Elaine,McAreavey,Female,21667458,Czech Republic
Vannie,Inderwick,Female,19914564,Philippines
Margaretha,Marshallsay,Female,18318315,Suriname
Yettie,Hulstrom,Female,11552340,Thailand
Mame,Goodlife,Genderqueer,845733,Croatia
Tremaine,Goodlad,Male,23296337,Mauritius
Morena,Rosenbaum,Female,2992910,Indonesia
Clim,Garz,Male,10580524,Poland
Leelah,Hardistry,Female,25018190,Argentina
Nickie,Rosewall,Female,27200304,Sweden
Vinny,Ivanaev,Polygender,15807967,Brazil
Alexia,Facchini,Female,4856211,Philippines
Anderea,Brundale,Bigender,23816473,China
Gayleen,Ollier,Female,12375259,China
